,Rank,City,Cost of Living Index,Rent Index,Cost of Living Plus Rent Index,Groceries Index,Restaurant Price Index,Local Purchasing Power Index,Country,Population,Continent,Coordinates
284,1,Hamilton,142.1,96.1,120.1,149.1,128.0,83.9,Bermuda,519949,America,"['43.25011', '-79.84963']"
481,2,Basel,127.0,46.0,88.1,133.2,119.6,121.0,Switzerland,164488,Europe,"['47.55839', '7.57327']"
352,3,Zurich,120.8,61.8,92.5,116.8,119.0,122.9,Switzerland,341730,Europe,"['47.36667', '8.55']"
516,4,Lausanne,119.7,53.6,88.0,116.3,113.0,103.6,Switzerland,139111,Europe,"['46.516', '6.63282']"
758,5,Zug,118.5,65.6,93.1,112.8,126.6,128.1,Switzerland,23435,Europe,"['47.17242', '8.51745']"
527,6,Bern,116.1,37.6,78.5,118.4,108.2,132.4,Switzerland,121631,Europe,"['46.94809', '7.44744']"
564,7,Santa Barbara,112.2,92.9,103.0,119.1,115.3,71.0,United States,91842,America,"['34.42083', '-119.69819']"
378,8,George Town,107.2,74.3,91.4,99.2,105.1,76.2,Cayman Islands,300000,Asia,"['5.41123', '100.33543']"
465,9,Geneva,107.1,67.2,88.0,102.3,113.6,112.9,Switzerland,183981,Europe,"['46.20222', '6.14569']"
338,10,Honolulu,102.7,61.6,83.0,113.0,81.9,83.1,United States,371657,Pacific,"['21.30694', '-157.85833']"
22,11,New York,100.0,100.0,100.0,100.0,100.0,100.0,United States,8804190,America,"['40.71427', '-74.00597']"
204,12,San Francisco,99.6,92.4,96.1,99.7,97.3,104.0,United States,864816,America,"['37.77493', '-122.41942']"
421,13,Nassau,97.0,42.2,70.7,82.3,94.9,41.3,Bahamas,227940,America,"['25.05823', '-77.34306']"
267,14,Oslo,93.5,38.8,67.3,85.5,98.2,95.2,Norway,580000,Europe,"['59.91273', '10.74609']"
221,15,Seattle,92.9,68.0,81.0,89.5,94.6,126.2,United States,737015,America,"['47.60621', '-122.33207']"
507,16,Stavanger,91.0,30.1,61.8,83.4,93.5,89.8,Norway,144877,Europe,"['58.97005', '5.73332']"
317,17,Oakland,90.1,75.2,83.0,91.9,81.1,90.9,United States,419267,America,"['37.80437', '-122.2708']"
386,18,Bergen,90.0,30.9,61.7,86.0,86.4,86.1,Norway,285911,Europe,"['60.39299', '5.32415']"
382,19,Anchorage,88.0,40.9,65.5,91.6,78.1,103.6,United States,291247,America,"['61.21806', '-149.90028']"
503,20,Trondheim,86.7,30.9,59.9,79.5,92.5,113.6,Norway,147139,Europe,"['63.43049', '10.39506']"
614,21,Tromso,86.4,31.2,59.9,80.1,96.8,100.0,Norway,64448,Europe,"['69.6489', '18.95508']"
722,22,Saint Helier,86.0,53.3,70.4,65.0,111.9,68.1,Jersey,28000,Europe,"['49.18804', '-2.10491']"
39,23,Singapore,85.9,85.3,85.6,74.0,58.4,95.6,Singapore,5638700,Asia,"['1.28967', '103.85007']"
531,24,Reykjavik,85.8,39.1,63.4,80.6,90.2,92.6,Iceland,118918,Atlantic,"['64.13548', '-21.89541']"
468,25,Odense,85.0,26.8,57.1,73.8,102.4,88.5,Denmark,180863,Europe,"['55.39594', '10.38831']"
297,26,Sacramento,84.7,52.5,69.3,89.4,72.5,114.5,United States,490712,America,"['38.58157', '-121.4944']"
234,27,Boston,84.6,75.7,80.3,83.1,86.2,111.1,United States,675647,America,"['42.35843', '-71.05977']"
401,28,Irvine,84.0,72.7,78.6,75.6,88.9,129.4,United States,256927,America,"['33.66946', '-117.82311']"
228,29,Washington,83.8,69.1,76.7,82.7,82.5,127.9,United States,689545,America,"['38.89511', '-77.03637']"
174,30,San Jose,83.2,73.9,78.7,79.5,80.2,139.1,United States,1026908,America,"['37.33939', '-121.89496']"
140,31,San Diego,82.9,76.2,79.7,77.6,83.6,118.3,United States,1394928,America,"['32.71571', '-117.16472']"
86,32,Brisbane,82.5,41.5,62.8,77.7,72.9,100.0,Australia,2189878,Australia,"['-27.46794', '153.02809']"
163,33,Copenhagen,82.3,45.8,64.8,63.6,98.3,97.0,Denmark,1153615,Europe,"['55.67594', '12.56553']"
229,34,Nashville,81.9,59.5,71.2,85.1,72.8,114.0,United States,689447,America,"['36.16589', '-86.78444']"
311,35,Miami,81.9,71.9,77.1,80.2,88.6,89.2,United States,441003,America,"['25.77427', '-80.19366']"
223,36,Denver,81.7,55.2,69.0,79.4,73.6,138.3,United States,715522,America,"['39.73915', '-104.9847']"
48,37,Sydney,81.5,53.2,67.9,73.9,75.1,110.6,Australia,4627345,Australia,"['-33.86785', '151.20732']"
339,38,Canberra,81.3,46.9,64.8,79.4,75.5,101.0,Australia,367752,Australia,"['-35.28346', '149.12807']"
157,39,Adelaide,81.1,39.6,61.2,80.2,70.4,90.3,Australia,1225235,Australia,"['-34.92866', '138.59863']"
237,40,Portland,80.9,51.1,66.6,80.7,73.5,118.3,United States,652503,America,"['45.52345', '-122.67621']"
387,41,Arhus,80.7,31.0,56.9,63.0,93.3,101.4,Denmark,285273,Europe,"['56.15674', '10.21076']"
423,42,Netanya,80.5,29.1,55.9,65.0,94.5,70.2,Israel,224471,Asia,"['32.33291', '34.85992']"
329,43,New Orleans,80.5,45.1,63.5,79.5,79.3,95.8,United States,389617,America,"['29.95465', '-90.07507']"
483,44,Ramat Gan,80.5,36.1,59.2,70.7,88.5,74.8,Israel,163301,Asia,"['32.08227', '34.81065']"
99,45,Perth,80.4,39.4,60.8,73.3,76.8,99.7,Australia,1896548,Australia,"['-31.95224', '115.8614']"
98,46,Beirut,80.3,20.7,51.8,91.4,48.6,10.1,Lebanon,1916100,Asia,"['33.89332', '35.50157']"
314,47,Tel Aviv-Yafo,80.3,47.6,64.6,66.8,89.5,81.0,Israel,432892,Asia,"['32.08088', '34.78057']"
308,48,Raleigh,80.1,59.6,70.2,73.8,80.4,110.1,United States,451066,America,"['35.7721', '-78.63861']"
119,49,Philadelphia,79.3,49.2,64.9,79.5,76.9,127.6,United States,1603797,America,"['39.95238', '-75.16362']"
69,50,Chicago,79.0,58.4,69.1,75.5,82.1,121.3,United States,2746388,America,"['41.85003', '-87.65005']"
14,51,Seoul,78.9,33.9,57.3,98.2,45.5,80.9,South Korea,10349312,Asia,"['37.566', '126.9784']"
54,52,Los Angeles,78.7,74.1,76.5,75.8,86.7,116.0,United States,3898747,America,"['34.05223', '-118.24368']"
319,53,Auckland,78.1,40.0,59.8,74.5,71.8,97.9,New Zealand,417910,Pacific,"['-36.84853', '174.76349']"
332,54,Wellington,77.9,45.8,62.5,77.5,67.1,74.6,New Zealand,381900,Pacific,"['-41.28664', '174.77557']"
51,55,Melbourne,77.9,38.0,58.8,75.8,76.0,111.8,Australia,4246375,Australia,"['-37.814', '144.96332']"
376,56,Pittsburgh,77.8,38.1,58.8,84.8,63.4,118.9,United States,304391,America,"['40.44062', '-79.99589']"
202,57,Charlotte,77.6,59.3,68.8,76.0,74.6,117.4,United States,874579,America,"['35.22709', '-80.84313']"
330,58,Cleveland,77.3,39.1,59.0,80.5,67.2,133.9,United States,388072,America,"['41.4995', '-81.69541']"
403,59,Espoo,77.3,30.9,55.1,69.5,86.3,93.7,Finland,256760,Europe,"['60.2052', '24.6522']"
147,60,Dallas,77.1,52.9,65.5,76.4,77.7,137.0,United States,1300092,America,"['32.78306', '-96.80667']"
399,61,Buffalo,77.1,35.5,57.1,77.5,69.6,116.2,United States,258071,America,"['42.88645', '-78.87837']"
176,62,Dublin,77.1,60.7,69.2,59.1,83.9,77.6,Ireland,1024027,Europe,"['53.33306', '-6.24889']"
353,63,Nice,77.0,28.2,53.6,70.8,82.1,78.2,France,338620,Europe,"['43.70313', '7.26608']"
511,64,Aalborg,76.9,21.1,50.1,64.2,86.0,117.3,Denmark,142937,Europe,"['57.048', '9.9187']"
200,65,Indianapolis,76.5,37.4,57.8,77.1,73.7,133.2,United States,887642,America,"['39.76838', '-86.15804']"
249,66,Baltimore,76.4,48.3,62.9,79.6,66.7,135.2,United States,621849,America,"['39.29038', '-76.61219']"
502,67,Haarlem,76.4,42.4,60.1,59.0,78.4,80.0,Netherlands,147590,Europe,"['52.38084', '4.63683']"
331,68,Tampa,76.3,59.2,68.1,71.1,78.0,127.8,United States,384959,America,"['27.94752', '-82.45843']"
88,69,Paris,76.1,43.7,60.6,74.2,69.8,77.9,France,2138551,Europe,"['48.85341', '2.3488']"
298,70,Omaha,75.9,30.3,54.0,69.8,78.0,117.6,United States,486051,America,"['41.25626', '-95.94043']"
408,71,Petah Tikva,75.8,27.0,52.4,64.8,78.5,76.5,Israel,247956,Asia,"['32.08707', '34.88747']"
30,72,Hong Kong,75.7,66.3,71.2,79.5,53.6,67.7,Hong Kong (China),7482500,Asia,"['22.27832', '114.17469']"
182,73,Birmingham,75.0,37.6,57.1,79.4,67.0,86.5,United States,984333,Europe,"['52.48142', '-1.89983']"
189,74,Victoria,75.0,43.9,60.1,74.6,74.4,87.9,Canada,956800,Asia,"['22.2875', '114.14417']"
194,75,Fort Worth,75.0,43.0,59.7,78.7,62.7,126.6,United States,918915,America,"['32.72541', '-97.32085']"
321,76,Minneapolis,74.9,47.8,61.9,72.9,76.5,133.8,United States,410939,America,"['44.97997', '-93.26384']"
395,77,Haifa,74.7,20.3,48.6,63.1,77.3,90.7,Israel,267300,Asia,"['32.81841', '34.9885']"
567,78,Nanaimo,74.7,34.8,55.6,74.7,63.6,83.1,Canada,90504,America,"['49.16638', '-123.94003']"
593,79,Luxembourg,74.6,51.2,63.4,66.3,84.7,118.2,Luxembourg,76684,Europe,"['49.61167', '6.13']"
384,80,Utrecht,74.4,36.8,56.4,60.4,73.7,99.0,Netherlands,290529,Europe,"['52.09083', '5.12222']"
302,81,Lyon,74.2,23.8,50.0,70.8,67.2,92.6,France,472317,Europe,"['45.74846', '4.84671']"
20,82,London,74.2,63.8,69.2,53.4,77.9,88.1,United Kingdom,8961989,Europe,"['51.50853', '-0.12574']"
118,83,Phoenix,74.0,48.4,61.7,70.0,76.9,140.8,United States,1608139,America,"['33.44838', '-112.07404']"
233,84,Detroit,74.0,37.8,56.6,70.7,65.8,116.9,United States,677116,America,"['42.33143', '-83.04575']"
467,85,Chattanooga,73.8,37.9,56.6,70.0,70.5,125.0,United States,181099,America,"['35.04563', '-85.30968']"
303,86,Atlanta,73.8,51.2,62.9,70.1,66.7,126.5,United States,463878,America,"['33.749', '-84.38798']"
25,87,Tokyo,73.7,33.5,54.5,80.6,42.5,90.0,Japan,8336599,Asia,"['35.6895', '139.69171']"
143,88,Milan,73.6,39.8,57.4,60.7,80.8,55.4,Italy,1371498,Europe,"['45.46427', '9.18951']"
211,89,Jerusalem,73.5,34.2,54.6,62.7,81.0,84.2,Israel,801000,Asia,"['31.76904', '35.21633']"
193,90,Austin,73.2,66.4,69.9,70.3,78.7,128.3,United States,931830,America,"['30.26715', '-97.74306']"
151,91,Munich,73.1,41.4,57.9,63.0,66.6,101.6,Germany,1260391,Europe,"['48.13743', '11.57549']"
196,92,Columbus,73.0,41.9,58.1,67.5,66.9,125.2,United States,905748,America,"['39.96118', '-82.99879']"
72,93,Toronto,73.0,47.3,60.7,67.3,78.7,91.0,Canada,2600000,America,"['43.70011', '-79.4163']"
470,94,Fort Lauderdale,72.9,63.0,68.2,70.0,81.2,122.4,United States,178590,America,"['26.12231', '-80.14338']"
487,95,Nijmegen,72.9,31.2,52.9,58.9,72.8,96.3,Netherlands,158732,Europe,"['51.8425', '5.85278']"
434,96,Spokane,72.7,40.9,57.5,68.3,74.7,113.9,United States,213272,America,"['47.65966', '-117.42908']"
248,97,Las Vegas,72.7,40.4,57.2,64.9,72.3,118.5,United States,623747,America,"['36.17497', '-115.13722']"
413,98,Reno,72.6,45.1,59.4,72.5,73.5,76.2,United States,241445,America,"['39.52963', '-119.8138']"
310,99,San Juan,72.5,47.7,60.6,71.7,67.0,43.2,Puerto Rico,447048,America,"['-31.5375', '-68.53639']"
306,100,Colorado Springs,72.1,38.7,56.1,68.0,77.8,133.6,United States,456568,America,"['38.83388', '-104.82136']"
283,101,Fresno,72.0,44.8,58.9,65.7,67.4,120.5,United States,520052,America,"['36.74773', '-119.77237']"
407,102,Madison,71.9,43.9,58.5,70.5,68.7,97.6,United States,248951,America,"['43.07305', '-89.40123']"
258,103,Vancouver,71.7,51.7,62.1,69.9,75.0,94.0,Canada,600000,America,"['49.24966', '-123.11934']"
373,104,Orlando,71.4,50.7,61.5,68.6,75.6,138.8,United States,307573,America,"['28.53834', '-81.37924']"
220,105,Amsterdam,71.4,48.7,60.5,56.0,76.2,101.7,Netherlands,741636,Europe,"['52.37403', '4.88969']"
177,106,Calgary,71.3,32.3,52.6,65.3,71.8,117.1,Canada,1019942,America,"['51.05011', '-114.08529']"
257,107,Milwaukee,71.3,37.5,55.1,62.9,67.4,153.1,United States,600155,America,"['43.0389', '-87.90647']"
479,108,Breda,71.2,32.9,52.8,58.8,74.3,134.8,Netherlands,167673,Europe,"['51.58656', '4.77596']"
1132,109,Valletta,70.9,34.8,53.6,58.2,73.4,37.7,Malta,6794,Europe,"['35.89968', '14.5148']"
127,110,Stockholm,70.8,36.5,54.4,63.1,66.5,94.6,Sweden,1515017,Europe,"['59.32938', '18.06871']"
232,111,Oklahoma City,70.7,37.9,55.0,72.8,54.7,93.7,United States,681054,America,"['35.46756', '-97.51643']"
101,112,Hamburg,70.4,33.2,52.6,54.8,62.6,106.2,Germany,1845229,Europe,"['53.55073', '9.99302']"
525,113,Maastricht,70.3,30.3,51.2,59.3,65.7,102.5,Netherlands,122378,Europe,"['50.84833', '5.68889']"
506,114,Boise,70.2,44.6,57.9,64.9,67.7,111.6,United States,145987,America,"['43.6135', '-116.20345']"
456,115,Turku,70.2,20.2,46.2,60.2,78.5,98.6,Finland,195301,Europe,"['60.45148', '22.26869']"
238,116,Frankfurt,70.1,34.8,53.2,55.3,63.2,108.0,Germany,650000,Europe,"['50.11552', '8.68417']"
466,117,Groningen,70.1,21.8,47.0,57.6,72.4,86.4,Netherlands,181194,Europe,"['53.21917', '6.56667']"
190,118,Jacksonville,69.9,38.2,54.7,76.1,66.9,146.2,United States,949611,America,"['30.33218', '-81.65565']"
82,119,Houston,69.9,44.7,57.8,63.8,73.1,144.3,United States,2304580,America,"['29.76328', '-95.36327']"
430,120,Hobart,69.9,22.7,47.3,64.3,69.8,127.1,Australia,216656,Australia,"['-42.87936', '147.32941']"
490,121,Cambridge,69.8,43.2,57.0,56.8,71.8,97.0,United Kingdom,158434,Europe,"['52.2', '0.11667']"
359,122,Markham,69.8,46.5,58.6,61.2,79.7,91.2,Canada,328966,America,"['43.86682', '-79.2663']"
520,123,Innsbruck,69.7,27.7,49.6,57.4,70.4,72.4,Austria,132493,Europe,"['47.26266', '11.39454']"
58,124,Berlin,69.7,38.3,54.6,56.6,60.3,98.0,Germany,3426354,Europe,"['52.52437', '13.41053']"
239,125,Macao,69.6,33.2,52.2,76.1,49.3,76.4,Macao (China),649335,Asia,"['22.20056', '113.54611']"
179,126,Edmonton,69.5,25.0,48.1,64.4,72.9,114.5,Canada,1010899,America,"['53.55014', '-113.46871']"
602,127,Guildford,69.3,46.5,58.4,58.7,70.0,109.7,United Kingdom,71873,Europe,"['51.23536', '-0.57427']"
569,128,Kamloops,69.3,32.4,51.6,71.5,55.4,92.4,Canada,90280,America,"['50.66648', '-120.3192']"
582,129,Galway,69.2,38.2,54.4,57.2,69.0,75.1,Ireland,83456,Europe,"['53.27245', '-9.05095']"
621,130,Fredericton,69.1,22.9,47.0,70.4,66.8,115.8,Canada,63116,America,"['45.94541', '-66.66558']"
305,131,Antwerp,69.1,23.9,47.4,53.9,78.3,89.4,Belgium,459805,Europe,"['51.22047', '4.40026']"
296,132,Toulouse,69.0,22.3,46.6,66.6,68.1,101.9,France,493465,Europe,"['43.60426', '1.44367']"
272,133,Helsinki,68.9,31.1,50.8,59.0,74.2,103.4,Finland,558457,Europe,"['60.16952', '24.93545']"
178,134,Brussels,68.8,29.5,50.0,57.9,70.4,97.2,Belgium,1019022,Europe,"['50.85045', '4.34878']"
461,135,Cork,68.8,40.7,55.3,52.9,73.6,88.5,Ireland,190384,Europe,"['51.89797', '-8.47061']"
439,136,Eindhoven,68.5,32.1,51.0,56.9,66.4,118.7,Netherlands,209620,Europe,"['51.44083', '5.47778']"
280,138,Tucson,68.3,33.7,51.7,69.6,64.3,132.4,United States,531641,America,"['32.22174', '-110.92648']"
299,139,Kansas City,68.2,40.7,55.0,61.9,72.0,123.6,United States,475378,America,"['39.09973', '-94.57857']"
210,140,Ottawa,68.2,34.5,52.0,60.7,71.0,104.2,Canada,812129,America,"['45.41117', '-75.69812']"
426,141,Graz,68.1,20.5,45.3,63.4,57.4,93.2,Austria,222326,Europe,"['47.06667', '15.45']"
271,142,Albuquerque,68.1,41.7,55.5,67.4,64.9,155.1,United States,559121,America,"['35.08449', '-106.65114']"
242,143,Gold Coast,68.1,38.0,53.6,65.3,60.8,118.1,Australia,640778,Australia,"['-28.00029', '153.43088']"
250,144,Dusseldorf,68.1,30.3,50.0,58.2,61.3,107.8,Germany,620523,Europe,"['51.22172', '6.77616']"
312,145,Halifax,67.9,32.5,50.9,67.9,64.0,93.3,Canada,439819,America,"['44.6464', '-63.57291']"
279,146,Quebec City,67.9,20.9,45.3,64.5,68.7,106.3,Canada,531902,America,"['46.81228', '-71.21454']"
367,147,Saint Louis,67.8,34.3,51.8,68.4,64.1,99.8,United States,315685,America,"['38.62727', '-90.19789']"
340,148,Christchurch,67.8,29.0,49.2,67.4,62.4,102.8,New Zealand,363926,Pacific,"['-43.53333', '172.63333']"
135,149,San Antonio,67.6,41.6,55.1,60.3,69.7,140.5,United States,1434625,America,"['29.42412', '-98.49363']"
488,150,Grenoble,67.5,19.0,44.3,65.8,60.1,90.0,France,158552,Europe,"['45.17869', '5.71479']"
85,152,Nagoya,67.5,46.8,57.5,71.3,37.4,74.1,Japan,2191279,Asia,"['35.18147', '136.90641']"
259,153,Rotterdam,67.2,34.7,51.6,58.1,65.2,110.6,Netherlands,598199,Europe,"['51.9225', '4.47917']"
517,154,Brighton,67.2,43.3,55.7,53.4,71.2,81.7,United Kingdom,139001,Europe,"['50.82838', '-0.13947']"
494,155,Salzburg,67.1,26.9,47.9,57.4,66.5,94.2,Austria,153377,Europe,"['47.79941', '13.04399']"
563,156,Leuven,67.0,24.0,46.4,54.6,71.6,94.4,Belgium,92892,Europe,"['50.87959', '4.70093']"
358,157,Bonn,67.0,30.8,49.6,50.2,67.8,78.5,Germany,330579,Europe,"['50.73438', '7.09549']"
443,158,Linz,66.7,22.4,45.5,58.8,64.5,86.8,Austria,204846,Europe,"['48.30639', '14.28611']"
346,159,Florence,66.7,25.5,47.0,60.0,65.0,54.8,Italy,349296,Europe,"['43.77925', '11.24626']"
361,160,Nantes,66.7,23.2,45.8,64.3,62.7,86.2,France,318808,Europe,"['47.21725', '-1.55336']"
412,161,Louisville,66.5,31.1,49.6,66.6,63.9,151.4,United States,243639,America,"['38.25424', '-85.75941']"
598,162,Red Deer,66.5,24.0,46.1,63.9,59.3,113.1,Canada,73593,America,"['52.26682', '-113.802']"
451,163,Saskatoon,66.4,23.7,45.9,61.9,61.1,118.3,Canada,198958,America,"['52.13238', '-106.66892']"
326,164,Surrey,66.3,36.9,52.2,62.9,58.6,122.1,Canada,394976,America,"['49.10635', '-122.82509']"
510,165,Heidelberg,66.2,29.4,48.6,50.1,64.5,109.4,Germany,143345,Europe,"['49.40768', '8.69079']"
418,166,Gent,66.2,24.7,46.3,54.0,72.7,80.7,Belgium,231493,Europe,"['51.05', '3.71667']"
327,167,Bologna,66.2,24.5,46.2,54.1,68.6,64.3,Italy,394843,Europe,"['44.49381', '11.33875']"
80,168,Rome,66.1,32.3,49.9,57.3,68.2,55.4,Italy,2318895,Europe,"['41.89193', '12.51133']"
186,169,Cologne,66.1,27.5,47.6,53.3,58.6,88.9,Germany,963395,Europe,"['50.93333', '6.95']"
458,170,Salt Lake City,65.8,45.2,55.9,63.4,71.3,132.5,United States,192672,America,"['40.76078', '-111.89105']"
963,171,Sliema,65.8,28.4,47.9,57.4,69.3,51.0,Malta,11318,Europe,"['35.9125', '14.50194']"
218,172,Winnipeg,65.7,24.7,46.0,65.0,59.2,79.5,Canada,749607,America,"['49.8844', '-97.14704']"
251,173,Bristol,65.6,35.6,51.2,49.9,72.1,94.4,United Kingdom,617280,Europe,"['51.45523', '-2.59665']"
388,174,Karlsruhe,65.6,23.3,45.3,56.0,58.3,108.9,Germany,283799,Europe,"['49.00937', '8.40444']"
67,175,Osaka,65.5,22.6,45.0,65.7,41.0,89.6,Japan,2753862,Asia,"['34.69374', '135.50218']"
562,176,Limerick,65.5,35.0,50.9,53.6,69.0,101.1,Ireland,94192,Europe,"['52.66472', '-8.62306']"
477,177,Oxford,65.5,43.1,54.8,55.0,62.2,99.7,United Kingdom,171380,Europe,"['51.75222', '-1.25596']"
266,178,Genoa,65.5,17.2,42.3,60.2,62.5,58.6,Italy,580097,Europe,"['44.40478', '8.94439']"
203,179,Marseille,65.5,21.7,44.5,64.3,61.4,96.8,France,870731,Europe,"['43.29695', '5.38107']"
561,180,Delft,65.4,28.5,47.7,57.7,55.7,111.8,Netherlands,95060,Europe,"['52.00667', '4.35556']"
372,181,Mannheim,65.4,21.7,44.4,52.9,56.9,119.4,Germany,307960,Europe,"['49.4891', '8.46694']"
57,182,Dubai,65.3,46.9,56.5,47.5,72.5,129.1,United Arab Emirates,3478300,Asia,"['25.07725', '55.30927']"
530,183,Trento,65.3,21.8,44.4,57.4,63.1,66.6,Italy,120709,Europe,"['46.06787', '11.12108']"
105,184,Montreal,65.3,29.2,48.0,63.0,65.1,99.0,Canada,1762949,America,"['45.50884', '-73.58781']"
362,185,Reading,65.2,34.9,50.7,52.3,79.6,91.3,United Kingdom,318014,Europe,"['51.45625', '-0.97113']"
538,186,Bergamo,65.2,21.7,44.3,54.8,62.0,71.9,Italy,114162,Europe,"['45.69601', '9.66721']"
263,188,Dortmund,65.1,20.3,43.6,54.8,54.5,103.6,Germany,588462,Europe,"['51.51494', '7.466']"
245,189,Memphis,65.1,35.8,51.0,65.8,65.9,167.0,United States,633104,America,"['35.14953', '-90.04898']"
462,190,Trieste,64.9,17.9,42.4,54.7,66.0,64.2,Italy,187056,Europe,"['45.64953', '13.77678']"
235,191,Mississauga,64.8,42.9,54.3,56.0,54.7,105.4,Canada,668549,America,"['43.5789', '-79.6583']"
576,192,Lund,64.7,22.3,44.4,58.6,55.0,109.3,Sweden,87244,Europe,"['55.70584', '13.19321']"
505,193,Parma,64.7,16.4,41.6,52.4,66.4,64.3,Italy,146299,Europe,"['44.79935', '10.32618']"
431,194,Freiburg im Breisgau,64.7,30.4,48.2,53.3,59.1,97.4,Germany,215966,Europe,"['47.9959', '7.85222']"
371,195,Cincinnati,64.4,40.0,52.7,64.2,60.4,115.9,United States,309317,America,"['39.12711', '-84.51439']"
402,196,Kitchener,64.3,33.9,49.7,63.5,62.9,113.6,Canada,256885,America,"['43.42537', '-80.5112']"
474,197,Uppsala,64.3,21.5,43.8,54.9,64.6,89.5,Sweden,177074,Europe,"['59.85882', '17.63889']"
464,198,Brescia,64.2,23.3,44.6,56.2,62.5,59.2,Italy,184826,Europe,"['45.53558', '10.21472']"
493,199,Enschede,64.1,25.9,45.8,57.4,65.5,126.4,Netherlands,153655,Europe,"['52.21833', '6.89583']"
513,200,Kelowna,64.1,37.1,51.1,63.7,57.7,102.3,Canada,142146,America,"['49.88307', '-119.48568']"
246,201,Stuttgart,64.1,29.8,47.7,51.5,61.0,121.7,Germany,630305,Europe,"['48.78232', '9.17702']"
325,202,Manchester,64.0,30.9,48.1,50.2,71.3,96.2,United Kingdom,395515,Europe,"['53.48095', '-2.23743']"
601,203,Larnaca,63.7,25.1,45.2,51.1,62.9,49.5,Cyprus,72000,Asia,"['34.92291', '33.6233']"
191,204,Kingston,63.7,35.1,50.0,59.9,58.3,104.4,Canada,937700,America,"['17.99702', '-76.79358']"
591,205,Treviso,63.7,22.6,44.0,52.1,66.0,62.0,Italy,77604,Europe,"['45.66673', '12.2416']"
411,206,Tampere,63.7,21.5,43.5,52.8,71.3,102.2,Finland,244315,Europe,"['61.49911', '23.78712']"
276,207,Bremen,63.6,19.8,42.6,55.5,56.8,94.6,Germany,546501,Europe,"['53.07582', '8.80717']"
205,208,Liverpool,63.6,25.4,45.3,48.9,72.2,85.9,United Kingdom,864122,Europe,"['53.41058', '-2.97794']"
260,209,Brampton,63.5,35.1,49.9,56.6,58.8,118.3,Canada,593638,America,"['43.68341', '-79.76633']"
482,210,Bournemouth,63.4,31.5,48.1,49.2,79.6,79.5,United Kingdom,163600,Europe,"['50.72048', '-1.8795']"
262,211,Glasgow,63.3,26.8,45.8,48.5,70.1,107.7,United Kingdom,591620,Europe,"['55.86515', '-4.25763']"
444,212,Padova,62.8,20.0,42.3,50.2,61.4,62.9,Italy,203725,Europe,"['45.40797', '11.88586']"
345,213,Malmo,62.7,20.9,42.7,55.4,61.4,107.9,Sweden,351749,Europe,"['55.60587', '13.00073']"
498,215,Cagliari,62.7,17.1,40.8,53.5,61.4,62.6,Italy,149257,Europe,"['39.23054', '9.11917']"
360,216,Nottingham,62.5,25.0,44.6,55.9,60.5,90.3,United Kingdom,321500,Europe,"['52.9536', '-1.15047']"
397,217,Plymouth,62.4,24.4,44.2,47.2,63.3,69.1,United Kingdom,260203,Europe,"['50.37153', '-4.14305']"
416,218,Lille,62.4,22.9,43.5,55.1,60.7,105.1,France,234475,Europe,"['50.63297', '3.05858']"
289,219,Hanover,62.3,21.6,42.8,51.6,53.8,105.9,Germany,515140,Europe,"['52.37052', '9.73322']"
264,220,Gothenburg,62.2,25.4,44.5,55.5,57.3,101.6,Sweden,587549,Europe,"['57.70716', '11.96679']"
475,221,Regina,62.0,21.7,42.7,59.6,58.0,146.2,Canada,176183,America,"['50.45008', '-104.6178']"
307,222,Leeds,62.0,27.4,45.4,49.2,60.8,100.7,United Kingdom,455123,Europe,"['53.79648', '-1.54785']"
366,223,Bari,61.9,19.5,41.6,52.2,55.6,64.1,Italy,316491,Europe,"['41.12066', '16.86982']"
111,224,Vienna,61.8,26.5,44.9,54.1,66.2,112.9,Austria,1691468,Europe,"['48.20849', '16.37208']"
351,225,Belfast,61.8,25.2,44.3,50.3,71.9,89.2,United Kingdom,341877,Europe,"['54.59682', '-5.92541']"
428,226,Verona,61.4,22.0,42.5,53.2,59.3,65.0,Italy,219103,Europe,"['45.4299', '10.98444']"
393,227,Derby,61.4,20.7,41.9,49.0,64.9,114.0,United Kingdom,270468,Europe,"['52.92277', '-1.47663']"
293,228,Edinburgh,61.4,32.5,47.5,47.5,71.1,96.3,United Kingdom,506520,Europe,"['55.95206', '-3.19648']"
390,229,Windsor,61.3,29.7,46.2,54.5,60.3,108.3,Canada,278013,America,"['42.30008', '-83.01654']"
206,230,Turin,61.2,18.7,40.8,53.9,59.1,68.1,Italy,847287,Europe,"['45.07049', '7.68682']"
459,231,Newcastle upon Tyne,61.0,28.1,45.2,49.8,68.3,88.1,United Kingdom,192382,Europe,"['54.97328', '-1.61396']"
295,232,Leipzig,60.9,18.9,40.8,48.6,51.8,94.5,Germany,504971,Europe,"['51.33962', '12.37129']"
435,233,Norwich,60.9,29.0,45.6,46.7,75.4,85.9,United Kingdom,213166,Europe,"['52.62783', '1.29834']"
492,234,Limassol,60.7,40.4,51.0,47.7,61.7,52.7,Cyprus,154000,Asia,"['34.68406', '33.03794']"
463,235,Knoxville,60.7,33.9,47.9,57.7,57.3,144.4,United States,185291,America,"['35.96064', '-83.92074']"
480,236,Al Khobar,60.7,11.6,37.2,48.3,45.5,117.7,Saudi Arabia,165799,Asia,"['26.27944', '50.20833']"
409,237,Southampton,60.6,27.9,45.0,47.0,61.4,99.7,United Kingdom,246201,Europe,"['50.90395', '-1.40428']"
261,238,Essen,60.6,20.1,41.2,47.0,54.1,121.4,Germany,593085,Europe,"['51.45657', '7.01228']"
288,239,Nuremberg,59.9,21.2,41.4,47.7,52.9,121.9,Germany,515543,Europe,"['49.45421', '11.07752']"
236,240,Athens,59.8,16.3,39.0,46.4,55.1,42.4,Greece,664046,Europe,"['37.98376', '23.72784']"
534,241,Exeter,59.8,28.5,44.8,45.5,63.2,88.6,United Kingdom,117763,Europe,"['50.7236', '-3.52751']"
231,242,Sheffield,59.8,25.6,43.4,46.8,58.6,86.4,United Kingdom,685368,Europe,"['53.38297', '-1.4659']"
350,243,Doha,59.6,51.5,55.7,47.7,57.5,101.0,Qatar,344939,Asia,"['25.28545', '51.53096']"
328,244,Tallinn,59.6,19.7,40.5,44.3,61.5,60.5,Estonia,394024,Europe,"['59.43696', '24.75353']"
396,245,Aachen,59.4,19.2,40.1,50.1,52.1,124.8,Germany,265208,Europe,"['50.77664', '6.08342']"
150,246,Montevideo,59.3,18.0,39.5,47.7,56.4,41.9,Uruguay,1270737,America,"['-34.90328', '-56.18816']"
457,247,Portsmouth,59.1,28.3,44.3,51.5,60.5,115.9,United Kingdom,194150,Europe,"['50.79899', '-1.09125']"
309,248,Cardiff,59.1,30.6,45.4,47.0,68.2,82.1,United Kingdom,447287,Europe,"['51.48', '-3.18']"
35,249,Suzhou,59.0,27.2,43.7,70.8,39.4,28.4,China,6715559,Asia,"['31.30408', '120.59538']"
342,250,Coventry,58.8,23.0,41.7,45.3,51.3,139.2,United Kingdom,359262,Europe,"['52.40656', '-1.51217']"
114,251,Barcelona,58.7,29.9,44.9,45.3,60.8,74.1,Spain,1621537,Europe,"['41.38879', '2.15899']"
273,252,Dresden,58.6,17.9,39.1,45.6,50.8,113.0,Germany,556227,Europe,"['51.05089', '13.73832']"
454,253,Aberdeen,58.6,21.1,40.6,46.7,66.5,112.5,United Kingdom,196670,Europe,"['57.14369', '-2.09814']"
154,255,Shiraz,57.6,21.4,40.2,64.3,32.5,13.9,Iran,1249942,Asia,"['29.61031', '52.53113']"
27,256,Taipei,57.6,20.6,39.8,66.0,33.8,78.2,Taiwan (China),7871900,Asia,"['25.04776', '121.53185']"
188,257,Naples,57.5,17.8,38.5,46.4,57.3,67.2,Italy,959470,Europe,"['40.85216', '14.26811']"
501,259,Dundee,57.1,22.2,40.4,47.9,60.9,95.3,United Kingdom,147710,Europe,"['56.46913', '-2.97489']"
343,260,Bilbao,57.1,26.3,42.3,50.3,54.5,79.6,Spain,354860,Europe,"['43.26271', '-2.92528']"
745,261,Ramallah,57.0,12.5,35.6,47.6,48.0,43.9,Palestine,24599,Asia,"['31.89964', '35.20422']"
292,262,Leicester,57.0,23.8,41.0,43.7,64.6,106.4,United Kingdom,508916,Europe,"['52.6386', '-1.13169']"
650,263,Port of Spain,56.7,16.5,37.5,50.8,63.1,34.4,Trinidad And Tobago,49031,America,"['10.66668', '-61.51889']"
240,265,Palermo,56.1,13.7,35.8,46.0,48.9,63.6,Italy,648260,Europe,"['38.13205', '13.33561']"
255,266,Abu Dhabi,55.9,43.3,49.9,44.2,55.8,114.8,United Arab Emirates,603492,Asia,"['24.45118', '54.39696']"
344,267,Thessaloniki,55.8,12.7,35.2,43.1,51.2,40.9,Greece,354290,Europe,"['40.64361', '22.93086']"
551,268,Male,55.7,26.2,41.6,49.8,33.4,34.2,Maldives,103693,Indian,"['4.17521', '73.50916']"
449,269,Nicosia,55.7,19.3,38.2,45.9,54.9,63.8,Cyprus,200452,Asia,"['35.17531', '33.3642']"
219,270,Riga,54.9,13.1,34.9,42.5,50.3,54.3,Latvia,742572,Europe,"['56.946', '24.10589']"
161,271,Prague,54.6,27.1,41.4,46.5,42.4,69.9,Czech Republic,1165581,Europe,"['50.08804', '14.42076']"
87,272,Havana,54.6,18.0,37.1,45.5,41.8,1.6,Cuba,2163824,America,"['23.13302', '-82.38304']"
59,273,Madrid,54.5,29.5,42.5,43.5,53.3,85.7,Spain,3255944,Europe,"['40.4165', '-3.70256']"
324,274,Palma de Mallorca,54.2,24.7,40.1,41.7,54.3,69.0,Spain,401270,Europe,"['39.56939', '2.65024']"
392,275,Ljubljana,54.1,20.8,38.1,46.0,45.2,62.3,Slovenia,272220,Europe,"['46.05108', '14.50513']"
52,276,Riyadh,53.5,17.6,36.3,43.4,41.9,101.5,Saudi Arabia,4205961,Asia,"['24.68773', '46.72185']"
518,277,Heraklion,53.2,12.5,33.7,40.7,43.0,38.2,Greece,137154,Europe,"['35.32787', '25.14341']"
604,278,Zadar,53.2,14.0,34.4,45.4,50.4,39.1,Croatia,71258,Europe,"['44.11578', '15.22514']"
383,279,Catania,52.9,13.5,34.0,42.4,50.4,55.8,Italy,290927,Europe,"['37.49223', '15.07041']"
508,280,Larissa,52.9,9.7,32.2,40.7,48.8,45.7,Greece,144651,Europe,"['39.63689', '22.41761']"
553,281,Tartu,52.7,14.0,34.2,44.1,52.2,64.1,Estonia,101092,Europe,"['58.38062', '26.72509']"
718,283,Dubrovnik,51.8,12.3,32.9,38.4,53.4,46.7,Croatia,28428,Europe,"['42.64125', '18.10909']"
277,284,Vilnius,51.6,20.8,36.9,41.5,52.0,59.5,Lithuania,542366,Europe,"['54.68916', '25.2798']"
287,285,Lisbon,51.5,32.7,42.5,40.8,51.1,45.4,Portugal,517802,Europe,"['38.71667', '-9.13333']"
115,286,Valencia,51.4,22.7,37.6,45.3,50.5,71.3,Spain,1619470,America,"['10.16202', '-68.00765']"
452,287,Pamplona,51.2,21.3,36.9,45.9,50.7,120.4,Spain,198491,Europe,"['42.81687', '-1.64323']"
504,288,Manama,51.2,26.8,39.5,38.3,47.3,89.5,Bahrain,147074,Asia,"['26.22787', '50.58565']"
224,289,Zagreb,51.0,15.8,34.1,42.8,45.1,56.5,Croatia,698966,Europe,"['45.81444', '15.97798']"
322,290,Panama City,50.4,24.4,37.9,48.5,44.8,36.3,Panama,408168,America,"['8.9936', '-79.51973']"
424,291,Oviedo,50.4,14.4,33.1,43.2,47.7,105.2,Spain,224005,Europe,"['43.36029', '-5.84476']"
316,292,Bratislava,50.4,19.5,35.6,43.8,43.0,60.6,Slovakia,423737,Europe,"['48.14816', '17.10674']"
356,293,Alicante,50.2,18.8,35.1,39.9,51.0,71.3,Spain,334757,Europe,"['38.34517', '-0.48149']"
212,295,Muscat,50.0,18.1,34.7,43.4,43.9,90.0,Oman,797000,Asia,"['23.58413', '58.40778']"
417,297,Granada,49.8,16.9,34.1,41.9,48.2,93.4,Spain,234325,Europe,"['37.18817', '-3.60667']"
43,298,Bangkok,49.8,22.8,36.9,48.7,25.2,29.5,Thailand,5104476,Asia,"['13.75398', '100.50144']"
691,299,Paphos,49.8,20.9,35.9,39.6,48.8,58.4,Cyprus,35961,Asia,"['34.77679', '32.42451']"
84,300,Santo Domingo,49.8,19.7,35.4,41.0,38.2,21.3,Dominican Republic,2201941,America,"['18.47186', '-69.89232']"
126,301,Kaohsiung,49.3,11.2,31.1,57.5,24.6,67.5,Taiwan (China),1519711,Asia,"['22.61626', '120.31333']"
270,302,Malaga,49.3,21.9,36.2,39.4,46.2,85.7,Spain,568305,Europe,"['36.72016', '-4.42034']"
253,303,Vladivostok,49.0,18.3,34.3,43.3,35.7,34.8,Russia,604901,Asia,"['43.10562', '131.87353']"
153,304,Ad Dammam,48.8,11.0,30.7,42.0,36.7,100.0,Saudi Arabia,1252523,Asia,"['26.43442', '50.10326']"
334,306,Brno,48.5,19.4,34.6,39.6,36.6,71.3,Czech Republic,379466,Europe,"['49.19522', '16.60796']"
406,307,Porto,48.3,23.0,36.1,39.0,40.9,49.6,Portugal,249633,Europe,"['41.14961', '-8.61099']"
337,308,Kaunas,48.2,13.4,31.5,39.3,45.5,62.4,Lithuania,374643,Europe,"['54.90272', '23.90961']"
555,309,Olomouc,47.8,15.4,32.3,41.9,33.8,69.9,Czech Republic,99496,Europe,"['49.59552', '17.25175']"
123,310,Phnom Penh,47.7,19.8,34.3,45.2,29.5,14.9,Cambodia,1573544,Asia,"['11.56245', '104.91601']"
478,311,Plzen,47.7,13.3,31.2,38.7,37.8,79.2,Czech Republic,168733,Europe,"['49.74747', '13.37759']"
389,312,Ostrava,47.7,14.0,31.6,39.7,36.4,74.1,Czech Republic,279791,Europe,"['49.83465', '18.28204']"
0,313,Shanghai,47.7,36.6,42.3,49.4,36.7,59.7,China,22315474,Asia,"['31.22222', '121.45806']"
557,314,Maribor,47.6,13.2,31.1,41.0,38.3,72.2,Slovenia,97019,Europe,"['46.55472', '15.64667']"
627,315,Kuwait City,47.5,28.1,38.2,33.0,42.9,83.0,Kuwait,60064,Asia,"['29.36972', '47.97833']"
313,316,Murcia,47.5,24.1,36.2,35.9,50.5,63.2,Spain,436870,Europe,"['37.98704', '-1.13004']"
333,317,Las Palmas de Gran Canaria,47.3,20.7,34.5,41.7,40.4,60.2,Spain,381847,Atlantic,"['28.09973', '-15.41343']"
76,318,Dakar,47.2,22.2,35.2,38.4,46.0,21.4,Senegal,2476400,Africa,"['14.6937', '-17.44406']"
145,319,Sharjah,47.0,78.4,62.1,37.2,33.6,41.9,United Arab Emirates,1324473,Asia,"['25.33737', '55.41206']"
44,320,Santiago,46.8,16.0,32.0,43.0,45.2,34.7,Chile,4837295,America,"['-33.45694', '-70.64827']"
688,321,Cascais,46.7,32.5,39.9,35.0,47.4,48.6,Portugal,36436,Europe,"['38.69681', '-9.42147']"
425,322,Santa Cruz de Tenerife,46.7,18.7,33.3,40.1,43.9,71.0,Spain,222417,Atlantic,"['28.46824', '-16.25462']"
420,323,Kosice,46.3,15.4,31.5,40.2,35.3,52.0,Slovakia,228249,Europe,"['48.71395', '21.25808']"
415,324,Georgetown,46.3,10.2,29.0,47.9,38.7,25.3,Guyana,235017,America,"['6.80448', '-58.15527']"
1,325,Beijing,46.2,35.0,40.9,45.1,31.7,63.3,China,18960744,Asia,"['39.9075', '116.39723']"
12,326,Moscow,46.2,25.9,36.5,36.1,49.8,58.8,Russia,10381222,Europe,"['55.75222', '37.61556']"
164,327,Sofia,46.2,12.9,30.2,40.5,43.1,57.9,Bulgaria,1152556,Europe,"['42.69751', '23.32415']"
542,328,Rijeka,45.9,12.7,30.0,40.1,41.6,50.8,Croatia,108622,Europe,"['45.32673', '14.44241']"
484,329,Split,45.6,12.8,29.9,39.8,41.1,57.0,Croatia,161312,Europe,"['43.50891', '16.43915']"
554,331,Funchal,45.3,22.6,34.5,33.2,38.5,54.0,Portugal,100847,Atlantic,"['32.66568', '-16.92547']"
108,332,Budapest,45.3,14.5,30.6,40.5,36.9,55.2,Hungary,1741041,Europe,"['47.49835', '19.04045']"
281,333,San Salvador,45.3,16.9,31.7,43.9,36.6,24.0,El Salvador,525990,America,"['13.68935', '-89.18718']"
460,334,Klaipeda,45.1,11.4,29.0,36.1,40.2,64.6,Lithuania,192307,Europe,"['55.7068', '21.13912']"
291,335,Makati,45.1,27.4,36.6,42.6,28.7,20.2,Philippines,510383,Asia,"['14.55027', '121.03269']"
41,336,Saint Petersburg,44.8,16.9,31.4,35.3,41.4,46.0,Russia,5351935,Europe,"['59.93863', '30.31413']"
379,337,Vigo,44.5,16.3,31.0,36.1,44.1,76.1,Spain,297332,Europe,"['42.23282', '-8.72264']"
66,338,Addis Ababa,44.2,17.8,31.6,34.9,27.5,10.4,Ethiopia,2757729,Africa,"['9.02497', '38.74689']"
2,339,Shenzhen,44.1,22.4,33.7,46.8,29.6,80.9,China,17494398,Asia,"['22.54554', '114.0683']"
110,340,Warsaw,44.0,24.1,34.5,35.1,41.6,62.6,Poland,1702139,Europe,"['52.22977', '21.01178']"
547,341,Coimbra,43.7,14.2,29.6,35.6,36.1,51.7,Portugal,106582,Europe,"['40.20564', '-8.41955']"
181,342,Guatemala City,43.4,15.8,30.2,40.9,33.6,24.3,Guatemala,994938,America,"['14.64072', '-90.51327']"
100,343,Bucharest,43.2,13.1,28.8,35.7,44.2,55.5,Romania,1877155,Europe,"['44.43225', '26.10626']"
55,344,Abidjan,43.0,17.0,30.6,35.7,28.5,7.4,Ivory Coast,3677115,Africa,"['5.35444', '-4.00167']"
529,345,Braga,43.0,17.4,30.7,36.2,36.7,56.9,Portugal,121394,Europe,"['41.55032', '-8.42005']"
639,346,Aveiro,42.9,16.6,30.3,36.5,34.9,48.0,Portugal,54162,Europe,"['40.64427', '-8.64554']"
664,347,Leiria,42.8,18.4,31.1,31.3,36.6,81.6,Portugal,45112,Europe,"['39.74362', '-8.80705']"
63,348,Caracas,42.6,12.3,28.1,37.5,44.6,11.0,Venezuela,3000000,America,"['10.48801', '-66.87919']"
149,349,Belgrade,42.4,18.0,30.7,34.7,37.3,37.7,Serbia,1273651,Europe,"['44.80401', '20.46513']"
166,350,Monterrey,42.2,17.1,30.2,39.4,42.0,55.5,Mexico,1135512,America,"['25.67507', '-100.31847']"
129,351,Yekaterinburg,42.0,11.1,27.2,36.6,35.4,59.0,Russia,1495066,Asia,"['56.8519', '60.6122']"
571,352,Phuket,42.0,15.2,29.2,42.0,27.6,27.7,Thailand,89072,Asia,"['7.89059', '98.3981']"
170,353,Yerevan,41.7,25.5,33.9,35.3,36.5,26.1,Armenia,1093485,Asia,"['40.18111', '44.51361']"
824,354,Budva,41.6,22.6,32.5,31.6,39.6,30.8,Montenegro,18000,Europe,"['42.28639', '18.84']"
558,355,Osijek,41.5,8.9,25.9,35.3,30.6,54.6,Croatia,96848,Europe,"['45.55111', '18.69389']"
171,356,Tbilisi,41.5,22.8,32.5,34.6,41.7,24.7,Georgia,1049498,Asia,"['41.69411', '44.83368']"
365,357,Cluj-Napoca,41.3,12.7,27.6,35.6,36.8,53.5,Romania,316748,Europe,"['46.76667', '23.6']"
146,358,Tijuana,41.3,17.1,29.7,33.1,44.5,45.7,Mexico,1300983,America,"['32.5027', '-117.00371']"
125,359,Harare,41.3,13.6,28.0,34.3,34.0,16.9,Zimbabwe,1542813,Africa,"['-17.82772', '31.05337']"
15,360,Sao Paulo,41.2,14.8,28.6,35.4,34.4,26.1,Brazil,10021295,America,"['-23.5475', '-46.63611']"
18,361,Hangzhou,41.2,15.3,28.8,47.8,29.4,61.6,China,9236032,Asia,"['30.29365', '120.16142']"
244,363,Wroclaw,41.1,17.3,29.7,31.8,37.0,60.3,Poland,634893,Europe,"['51.1', '17.03333']"
117,364,Novosibirsk,41.1,11.2,26.8,34.6,38.5,36.0,Russia,1612833,Asia,"['55.0415', '82.9346']"
336,365,Tirana,41.0,11.9,27.1,34.3,32.0,30.1,Albania,374801,Europe,"['41.3275', '19.81889']"
363,366,Constanta,41.0,11.4,26.8,33.6,36.5,40.8,Romania,317832,Europe,"['44.18073', '28.63432']"
9,367,Mexico City,40.8,20.7,31.2,39.2,38.5,38.1,Mexico,12294193,America,"['19.42847', '-99.12766']"
65,368,Quezon City,40.6,10.9,26.4,39.4,21.8,20.2,Philippines,2761720,Asia,"['14.6488', '121.0509']"
410,369,Gdynia,40.5,16.1,28.8,31.3,37.8,56.6,Poland,244969,Europe,"['54.51889', '18.53188']"
40,370,Johannesburg,40.5,13.7,27.6,32.3,35.1,94.5,South Africa,5635127,Africa,"['-26.20227', '28.04363']"
369,371,Varna,40.1,9.7,25.5,34.4,34.0,50.6,Bulgaria,312770,Europe,"['43.21667', '27.91667']"
156,372,Kazan,40.0,11.0,26.1,34.0,33.6,37.0,Russia,1243500,Europe,"['55.78874', '49.12214']"
268,373,Kuching,39.9,11.2,26.1,42.0,20.7,28.5,Malaysia,570407,Asia,"['1.55', '110.33333']"
198,374,Krasnodar,39.9,8.6,24.9,30.9,46.0,37.7,Russia,899541,Europe,"['45.04484', '38.97603']"
247,375,Cancun,39.6,15.0,27.8,37.9,39.9,39.7,Mexico,628306,America,"['21.17429', '-86.84656']"
304,376,Gdansk,39.6,17.4,28.9,31.5,34.2,66.7,Poland,461865,Europe,"['54.35227', '18.64912']"
136,377,Puebla,39.5,9.9,25.3,39.6,32.9,35.3,Mexico,1434062,America,"['19.03793', '-98.20346']"
364,378,Katowice,39.5,11.9,26.3,31.5,33.4,67.7,Poland,317316,Europe,"['50.25841', '19.02754']"
556,379,Pattaya,39.4,12.0,26.3,39.9,23.8,26.1,Thailand,97296,Asia,"['12.93333', '100.88333']"
485,380,Szeged,39.1,8.7,24.5,37.0,29.1,52.0,Hungary,160766,Europe,"['46.253', '20.14824']"
6,381,Chengdu,38.9,11.7,25.9,42.4,24.5,53.4,China,13568357,Asia,"['30.66667', '104.06667']"
404,382,Brasov,38.9,10.7,25.4,33.3,34.2,48.4,Romania,253200,Europe,"['45.64861', '25.60613']"
4,383,Lagos,38.8,56.0,47.0,39.5,33.1,7.6,Nigeria,15388000,Africa,"['6.45407', '3.39467']"
214,384,Merida,38.7,12.6,26.2,40.1,36.2,34.5,Mexico,777615,America,"['20.97537', '-89.61696']"
132,385,Kuala Lumpur,38.7,12.9,26.4,40.2,24.5,84.6,Malaysia,1453975,Asia,"['3.1412', '101.68653']"
300,386,Kaliningrad,38.7,9.4,24.7,34.0,35.2,37.3,Russia,475056,Europe,"['54.70649', '20.51095']"
172,387,Voronezh,38.7,7.5,23.7,31.7,40.9,41.7,Russia,1047549,Europe,"['51.67204', '39.1843']"
226,388,Sarajevo,38.6,7.6,23.7,32.6,27.1,53.4,Bosnia And Herzegovina,696731,Europe,"['43.84864', '18.35644']"
381,389,Bialystok,38.6,12.4,26.1,31.3,31.0,55.4,Poland,291855,Europe,"['53.13333', '23.16433']"
3,390,Guangzhou,38.4,16.5,27.9,38.5,27.4,74.7,China,16096724,Asia,"['23.11667', '113.25']"
347,391,Plovdiv,38.4,8.2,23.9,34.9,33.4,50.0,Bulgaria,346893,Europe,"['42.15', '24.75']"
323,392,Szczecin,38.3,14.2,26.7,32.2,33.5,61.6,Poland,407811,Europe,"['53.42894', '14.55302']"
162,393,Samara,38.2,9.6,24.5,30.2,39.2,37.9,Russia,1163399,Europe,"['53.20007', '50.15']"
97,394,Guayaquil,38.2,11.3,25.3,32.1,29.8,40.5,Ecuador,1952029,America,"['-2.19616', '-79.88621']"
391,395,Cuenca,38.2,11.2,25.3,35.8,28.8,31.7,Ecuador,276964,America,"['-2.90055', '-79.00453']"
414,396,Podgorica,38.2,10.2,24.8,33.3,28.4,45.2,Montenegro,236852,Europe,"['42.44111', '19.26361']"
38,397,Rio de Janeiro,38.2,11.3,25.3,30.8,29.6,23.2,Brazil,6023699,America,"['-22.90642', '-43.18223']"
152,398,Nizhny Novgorod,37.9,10.1,24.6,31.5,34.8,41.3,Russia,1259013,Europe,"['56.32867', '44.00205']"
120,399,Manila,37.9,18.7,28.7,36.5,24.8,24.8,Philippines,1600000,Asia,"['14.6042', '120.9822']"
269,400,Poznan,37.8,14.1,26.4,30.9,34.1,62.7,Poland,570352,Europe,"['52.40692', '16.92993']"
448,401,Chiang Mai,37.7,10.8,24.8,44.2,16.7,32.2,Thailand,200952,Asia,"['18.79038', '98.98468']"
83,402,Brasilia,37.7,11.0,24.9,30.8,30.5,41.4,Brazil,2207718,America,"['-15.77972', '-47.92972']"
116,403,Pretoria,37.7,12.4,25.6,29.7,32.2,92.9,South Africa,1619438,Africa,"['-25.74486', '28.18783']"
440,405,Gaborone,37.6,9.1,23.9,31.8,40.7,51.5,Botswana,208411,Africa,"['-24.65451', '25.90859']"
128,406,Guadalajara,37.4,15.5,26.9,38.3,33.6,47.7,Mexico,1495182,America,"['20.66682', '-103.39182']"
455,407,Burgas,37.4,9.4,24.0,33.2,34.3,51.0,Bulgaria,195966,Europe,"['42.50606', '27.46781']"
442,408,Oradea,37.3,7.8,23.1,33.8,37.3,39.2,Romania,206614,Europe,"['47.0458', '21.91833']"
168,409,Ufa,37.3,9.7,24.1,32.0,32.4,39.4,Russia,1120547,Asia,"['54.74306', '55.96779']"
19,410,Ho Chi Minh City,37.2,15.6,26.9,37.3,19.7,30.1,Vietnam,8993082,Asia,"['10.82302', '106.62965']"
432,411,Novi Sad,37.2,11.6,24.9,31.6,29.0,42.0,Serbia,215400,Europe,"['45.25167', '19.83694']"
184,412,Perm,37.2,8.3,23.4,32.8,36.0,38.1,Russia,982419,Asia,"['58.01046', '56.25017']"
45,413,Cape Town,37.2,20.4,29.2,30.5,35.0,75.2,South Africa,4710000,Africa,"['-33.92584', '18.42322']"
107,414,Minsk,37.1,11.5,24.9,32.1,40.3,37.6,Belarus,1742124,Europe,"['53.9', '27.56667']"
446,415,Puerto Vallarta,37.1,21.8,29.8,34.5,33.7,25.0,Mexico,203342,America,"['20.617', '-105.23018']"
95,416,Khartoum,37.0,11.9,24.9,37.4,25.2,10.0,Sudan,1974647,Africa,"['15.55177', '32.53241']"
62,417,Durban,37.0,12.0,25.0,28.4,34.6,77.1,South Africa,3120282,Africa,"['-29.8579', '31.0292']"
215,418,Lodz,36.9,12.9,25.4,28.6,31.5,62.1,Poland,768755,Europe,"['51.77058', '19.47395']"
301,419,Skopje,36.8,7.8,22.9,31.3,28.2,36.7,North Macedonia,474889,Europe,"['41.99646', '21.43141']"
49,421,Yangon,36.8,24.2,30.7,39.3,22.2,28.6,Myanmar,4477638,Asia,"['16.80528', '96.15611']"
368,422,Timisoara,36.7,9.9,23.9,31.0,32.5,56.4,Romania,315053,Europe,"['45.75372', '21.22571']"
427,423,Banja Luka,36.6,7.3,22.6,31.4,24.9,43.3,Bosnia And Herzegovina,221106,Europe,"['44.77842', '17.19386']"
335,424,Iasi,36.6,9.5,23.6,30.6,32.5,51.2,Romania,378954,Europe,"['47.16667', '27.6']"
185,426,Cebu,36.5,11.8,24.7,38.2,21.3,18.8,Philippines,964169,Asia,"['10.31672', '123.89071']"
26,427,Hanoi,36.4,11.4,24.4,36.4,18.9,37.5,Vietnam,8053663,Asia,"['21.0245', '105.84117']"
173,428,Campinas,36.3,8.9,23.2,28.3,29.4,42.5,Brazil,1031554,America,"['-22.90556', '-47.06083']"
320,429,Florianopolis,36.3,10.4,23.9,30.0,30.2,28.5,Brazil,412724,America,"['-27.59667', '-48.54917']"
592,430,Suva,36.2,17.7,27.3,37.3,30.2,89.4,Fiji,77366,Pacific,"['-18.14161', '178.44149']"
139,431,Quito,36.0,10.5,23.8,32.3,31.2,33.8,Ecuador,1399814,America,"['-0.22985', '-78.52495']"
138,432,Bursa,35.9,5.6,21.4,24.8,30.4,26.2,Turkey,1412701,Europe,"['40.19559', '29.06013']"
17,433,Nanjing,35.9,14.1,25.5,38.7,21.4,72.0,China,9314685,Asia,"['32.06167', '118.77778']"
282,434,Petaling Jaya,35.8,11.1,24.0,36.7,25.6,64.5,Malaysia,520698,Asia,"['3.10726', '101.60671']"
28,435,Lima,35.8,14.8,25.7,32.7,25.8,33.0,Peru,7737002,America,"['-12.04318', '-77.02824']"
447,436,Debrecen,35.7,9.6,23.2,31.6,29.3,53.2,Hungary,202402,Europe,"['47.53167', '21.62444']"
512,437,Tuzla,35.5,5.8,21.3,30.0,23.9,41.3,Bosnia And Herzegovina,142486,Europe,"['44.53842', '18.66709']"
341,438,Lublin,35.4,12.2,24.3,29.1,29.2,60.9,Poland,360044,Europe,"['51.25', '22.56667']"
374,439,Craiova,35.1,7.6,21.9,29.0,29.6,50.0,Romania,305689,Europe,"['44.31667', '23.8']"
23,440,Jakarta,35.1,14.9,25.4,37.3,20.5,33.0,Indonesia,8540121,Asia,"['-6.21462', '106.84513']"
90,442,La Paz,35.1,8.1,22.1,31.3,23.5,38.0,Bolivia,2004652,America,"['-16.5', '-68.15']"
526,443,Batumi,35.0,15.0,25.4,34.4,30.4,29.9,Georgia,121806,Asia,"['41.64228', '41.63392']"
495,444,Sibiu,34.7,8.4,22.1,29.6,30.3,48.5,Romania,151894,Europe,"['45.8', '24.15']"
68,445,Nairobi,34.6,11.6,23.6,32.5,27.7,32.5,Kenya,2750547,Africa,"['-1.28333', '36.81667']"
5,446,Istanbul,34.6,15.8,25.6,28.1,27.1,28.5,Turkey,14804116,Europe,"['41.01384', '28.94966']"
79,447,Belo Horizonte,34.5,7.9,21.8,28.2,25.3,24.1,Brazil,2373224,America,"['-19.92083', '-43.93778']"
252,448,Sao Jose dos Campos,34.5,8.2,21.9,29.4,26.7,33.9,Brazil,613764,America,"['-23.17944', '-45.88694']"
394,449,Windhoek,34.3,12.4,23.8,30.1,36.3,41.0,Namibia,268132,Africa,"['-22.55941', '17.08323']"
109,450,Curitiba,34.3,8.0,21.7,28.9,26.2,37.6,Brazil,1718421,America,"['-25.42778', '-49.27306']"
142,451,Porto Alegre,34.1,8.7,21.9,28.6,25.3,29.5,Brazil,1372741,America,"['-30.03283', '-51.23019']"
243,452,Chisinau,33.9,9.4,22.2,28.0,28.3,35.1,Moldova,635994,Europe,"['47.00556', '28.8575']"
131,453,Recife,33.8,6.7,20.8,28.5,24.2,35.1,Brazil,1478098,America,"['-8.05389', '-34.88111']"
208,454,Marrakech,33.3,9.2,21.7,25.8,29.1,27.1,Morocco,839296,Africa,"['31.63416', '-7.99994']"
33,455,Tehran,33.2,18.3,26.1,23.9,24.3,18.9,Iran,7153309,Asia,"['35.69439', '51.42151']"
405,456,Nis,33.2,6.8,20.5,26.1,27.2,43.6,Serbia,250000,Europe,"['43.32472', '21.90333']"
103,457,Santa Cruz,33.1,9.6,21.8,26.3,29.8,34.5,Bolivia,1831434,America,"['-17.78629', '-63.18117']"
60,458,Casablanca,33.0,11.3,22.6,27.3,22.7,34.9,Morocco,3144909,Africa,"['33.58831', '-7.61138']"
31,459,Baghdad,32.9,11.5,22.7,26.4,28.2,38.1,Iraq,7216000,Asia,"['33.34058', '44.40088']"
144,460,Kampala,32.9,11.3,22.5,28.2,23.2,12.2,Uganda,1353189,Africa,"['0.31628', '32.58219']"
207,461,Ulaanbaatar,32.8,9.3,21.5,32.2,26.4,24.7,Mongolia,844818,Asia,"['47.90771', '106.88324']"
32,462,Qingdao,32.7,8.9,21.3,35.9,21.9,75.9,China,7172451,Asia,"['36.06488', '120.38042']"
112,464,Rabat,32.1,12.2,22.6,28.0,23.4,32.3,Morocco,1655753,Africa,"['34.01325', '-6.83255']"
7,465,Buenos Aires,31.6,9.0,20.8,25.7,27.3,33.4,Argentina,13076300,America,"['-34.61315', '-58.37723']"
94,466,Algiers,31.4,6.2,19.3,33.0,18.3,24.6,Algeria,1977663,Africa,"['36.73225', '3.08746']"
77,467,Bandung,31.4,6.1,19.3,32.6,14.6,25.2,Indonesia,2444160,Asia,"['-6.92222', '107.60694']"
71,468,Dar es Salaam,31.2,12.2,22.1,27.4,20.3,20.1,Tanzania,2698652,Africa,"['-6.82349', '39.26951']"
169,469,Baku,30.9,8.9,20.4,26.7,29.6,34.4,Azerbaijan,1116513,Asia,"['40.37767', '49.89201']"
91,470,Almaty,30.9,17.3,24.4,27.0,30.4,35.7,Kazakhstan,2000900,Asia,"['43.25', '76.91667']"
227,472,Tunis,30.7,6.4,19.0,28.3,16.4,23.8,Tunisia,693210,Africa,"['36.81897', '10.16579']"
167,473,Kigali,30.6,15.1,23.2,26.3,27.4,30.0,Rwanda,1132686,Africa,"['-1.94995', '30.05885']"
64,474,Surabaya,30.0,6.5,18.7,30.8,13.4,29.5,Indonesia,2874314,Asia,"['-7.24917', '112.75083']"
275,475,Pristina,29.9,9.4,20.0,25.5,23.3,39.4,Kosovo (Disputed Territory),550000,Europe,"['42.67272', '21.16688']"
124,476,Damascus,29.6,7.0,18.8,28.0,20.9,4.5,Syria,1569394,Asia,"['33.5102', '36.29128']"
130,477,Asuncion,29.6,9.9,20.2,24.8,22.4,29.0,Paraguay,1482200,America,"['-25.28646', '-57.647']"
13,478,Dhaka,29.6,4.5,17.6,27.8,18.0,25.9,Bangladesh,10356500,Asia,"['23.7104', '90.40744']"
217,480,Antalya,29.3,14.5,22.2,22.8,22.1,24.5,Turkey,758188,Europe,"['36.90812', '30.69556']"
75,481,Izmir,29.1,6.9,18.5,24.8,19.8,28.6,Turkey,2500603,Europe,"['38.41273', '27.13838']"
93,482,Tashkent,29.1,12.8,21.3,26.9,25.2,25.7,Uzbekistan,1978028,Asia,"['41.26465', '69.21627']"
230,484,Tangier,29.0,8.4,19.1,27.1,19.7,35.9,Morocco,688356,Africa,"['35.76727', '-5.79975']"
56,485,Ankara,28.7,7.2,18.4,24.3,20.4,34.4,Turkey,3517182,Europe,"['39.91987', '32.85427']"
96,486,Accra,28.6,15.7,22.4,28.1,26.4,19.1,Ghana,1963264,Africa,"['5.55602', '-0.1969']"
278,487,Mersin,28.2,5.7,17.4,20.9,18.1,27.6,Turkey,537842,Europe,"['36.81196', '34.63886']"
81,488,Mashhad,28.1,13.3,21.0,18.7,23.0,24.4,Iran,2307177,Asia,"['36.29807', '59.60567']"
241,489,Colombo,27.6,7.0,17.7,35.4,12.6,15.6,Sri Lanka,648034,Asia,"['6.93548', '79.84868']"
290,490,Eskisehir,27.5,4.6,16.6,23.0,16.2,29.8,Turkey,514869,Europe,"['39.77667', '30.52056']"
453,491,Gurgaon,27.5,7.8,18.0,27.7,22.1,78.9,India,197340,Asia,"['28.4601', '77.02635']"
1024,492,Kocaeli,27.3,5.7,16.9,22.6,15.8,39.6,Turkey,9200,Europe,"['40.74012', '30.00556']"
133,493,Kathmandu,27.2,5.1,16.6,24.6,21.0,20.0,Nepal,1442271,Asia,"['27.70169', '85.3206']"
180,494,Dnipro,27.1,8.9,18.4,22.7,24.0,35.2,Ukraine,998103,Europe,"['48.46664', '35.04066']"
165,495,Tripoli,26.8,6.7,17.2,24.2,26.7,29.4,Libya,1150989,Africa,"['32.88743', '13.18733']"
197,496,Bishkek,26.7,9.9,18.7,24.6,23.4,24.9,Kyrgyzstan,900000,Asia,"['42.87', '74.59']"
380,498,Noida,26.5,5.0,16.2,25.6,23.1,75.1,India,293908,Asia,"['28.58', '77.33']"
222,499,Lviv,26.2,9.5,18.2,22.3,19.7,42.1,Ukraine,717803,Europe,"['49.83826', '24.02324']"
53,500,Chittagong,26.0,3.4,15.2,23.6,17.6,27.2,Bangladesh,3920222,Asia,"['22.3384', '91.83168']"
8,501,Mumbai,25.7,17.0,21.5,25.7,21.7,46.6,India,12691836,Asia,"['19.07283', '72.88261']"
24,502,Bangalore,25.7,7.9,17.2,26.5,19.8,96.0,India,8443675,Asia,"['12.97194', '77.59369']"
73,503,Navi Mumbai,25.4,10.1,18.1,26.9,19.2,91.9,India,2600000,Asia,"['19.03681', '73.01582']"
34,504,Hyderabad,25.1,5.7,15.8,27.0,17.6,56.4,India,6809970,Asia,"['17.38405', '78.45636']"
11,505,Delhi,25.0,7.4,16.6,23.2,23.5,60.8,India,10927986,Asia,"['28.65195', '77.23149']"
92,506,Medellin,24.9,8.3,17.0,23.2,18.3,34.4,Colombia,1999979,America,"['6.25184', '-75.56359']"
195,507,Cartagena,24.7,11.8,18.5,22.0,17.9,30.2,Colombia,914552,America,"['10.39972', '-75.51444']"
29,508,Bogota,24.5,9.3,17.2,23.2,17.9,28.9,Colombia,7674366,America,"['4.60971', '-74.08175']"
137,509,Kharkiv,24.5,8.7,16.9,20.8,19.4,39.3,Ukraine,1430885,Europe,"['49.98081', '36.25272']"
201,510,Konya,24.4,3.4,14.4,19.6,15.4,34.7,Turkey,875530,Europe,"['37.87135', '32.48464']"
155,511,Adana,24.3,3.7,14.4,19.3,16.1,34.9,Turkey,1248988,Europe,"['36.98615', '35.32531']"
36,512,Ahmedabad,24.1,11.5,18.1,25.2,17.4,38.9,India,6357693,Asia,"['23.02579', '72.58727']"
16,513,Cairo,24.1,5.6,15.2,21.0,20.9,22.9,Egypt,9606916,Africa,"['30.06263', '31.24967']"
61,514,Pune,24.0,6.6,15.7,24.7,19.5,84.5,India,3124458,Asia,"['18.51957', '73.85535']"
121,515,Patna,23.9,4.7,14.7,25.1,16.4,37.8,India,1599920,Asia,"['25.59408', '85.13563']"
199,516,Guwahati,23.8,3.8,14.2,24.1,19.1,57.2,India,899094,Asia,"['26.1844', '91.7458']"
187,517,Chandigarh,23.8,5.3,14.9,22.3,19.5,70.4,India,960787,Asia,"['30.73629', '76.7884']"
78,518,Cali,23.4,5.3,14.7,21.1,17.3,39.4,Colombia,2392877,America,"['3.43722', '-76.5225']"
159,519,Barranquilla,23.4,6.3,15.2,21.5,17.0,32.3,Colombia,1206319,America,"['10.96854', '-74.78132']"
46,520,Chennai,23.3,5.7,14.8,24.7,16.4,62.5,India,4681087,Asia,"['13.08784', '80.27847']"
102,522,Indore,22.4,4.0,13.6,23.4,15.1,64.1,India,1837041,Asia,"['22.71792', '75.8333']"
216,523,Bhubaneswar,22.3,4.3,13.7,23.4,14.2,71.6,India,762243,Asia,"['20.27241', '85.83385']"
104,524,Vadodara,22.3,3.1,13.1,22.0,18.7,44.9,India,1822221,Asia,"['22.29941', '73.20812']"
47,525,Kolkata,22.2,5.1,14.0,23.4,15.7,64.2,India,4631392,Asia,"['22.56263', '88.36304']"
70,526,Jaipur,22.1,5.0,13.9,22.4,14.7,53.4,India,2711758,Asia,"['26.91962', '75.78781']"
254,527,Kochi,21.5,5.1,13.6,23.6,12.1,80.6,India,604696,Asia,"['9.93988', '76.26022']"
42,528,Alexandria,21.3,4.0,13.0,18.7,20.2,20.0,Egypt,5263542,Africa,"['31.20176', '29.91582']"
89,529,Coimbatore,21.3,4.5,13.2,23.4,12.2,50.0,India,2136916,Asia,"['11.00555', '76.96612']"
213,530,Thiruvananthapuram,21.0,3.8,12.7,21.1,14.1,95.6,India,784153,Asia,"['8.4855', '76.94924']"
122,531,Bhopal,20.9,2.6,12.1,21.3,15.1,61.2,India,1599914,Asia,"['23.25469', '77.40289']"
37,532,Lahore,20.7,3.7,12.5,17.0,16.5,22.0,Pakistan,6310888,Asia,"['31.558', '74.35071']"
50,533,Giza,20.6,3.0,12.2,18.5,15.6,23.6,Egypt,4367343,Africa,"['30.00944', '31.20861']"
10,534,Karachi,19.8,3.9,12.2,17.5,14.3,22.4,Pakistan,11624219,Asia,"['24.8608', '67.0104']"
256,535,Islamabad,19.7,5.6,12.9,16.3,14.9,28.0,Pakistan,601600,Asia,"['33.72148', '73.04329']"
265,536,Bucaramanga,19.6,4.6,12.4,16.1,13.6,31.3,Colombia,581130,America,"['7.12539', '-73.1198']"
106,537,Rawalpindi,16.4,2.9,9.9,14.7,12.5,27.9,Pakistan,1743101,Asia,"['33.59733', '73.0479']"
74,538,Faisalabad,16.1,2.8,9.7,12.0,10.5,32.5,Pakistan,2506595,Asia,"['31.41554', '73.08969']"
134,539,Multan,15.6,2.5,9.3,15.1,11.0,21.9,Pakistan,1437230,Asia,"['30.19679', '71.47824']"
158,540,Peshawar,15.1,1.6,8.6,13.0,11.0,27.6,Pakistan,1218773,Asia,"['34.008', '71.57849']"
